user,article
@porqueTTarg,‚ÄúBananero‚Äù Porque as√≠ arranc√≥ du participaci√≥n en el El Loco y el Cuerdo.
@EsTendenciaEnX,‚ÄúBananero‚Äù: Porque lanz√≥ una bater√≠a de chistes negros que hacen tanta falta en estos tiempos
@porqueTTarg,"""El Bananero"": Porque un chico pag√≥ un saludo para todo su grupo de amigos y este fue el resultado."
@Barras_LATAM,"Repito, El Bananero es lo m√°s grande que hay JAJAJAJAJAJAJA"
@therealbuni,"La tristeza del caballero templario cuando el bananero le avisa que no est√° en la casa Agacha la cabeza el loco Encima el otro le tira si queres volver m√°s tarde, un tipazo jsjs"
@elcancillercom,"[AHORA] Dos religiosos le tocaron la puerta a ""El Bananero"" y sali√≥ al grito de ""Aloha chupavergas""."
@Kuke_cj,Colorada fea o metalero lindo? Tipazo el bananero JAKSK
@porqueTTarg,"""Bananero"": Porque la gente lo va a visitar y el no pierde la magia."
@Mati_Toled,Soy el bananero
@diegohead_,El n√∫mero para llamar al bananero es el 6969 JAJAJAJA que Club del bien somos
@ElCheZOV,"Lo que pasa en Corea del Sur La corrupci√≥n del Presidente, el parlamento quiere procesar a la mujer por corrupta, el nene no quiere, entonces dicta ley marcial, cierra el parlamento, ocupa con militares los medios, todo muy bananero yanqui. En Fin"
@therealbuni,Unos pibes cayeron a la casa del bananero a las 11 de la noche y el loco los recibi√≥ re contento kjj Un tipazo
@porqueTTarg,"‚ÄúBananero‚Äù Porque el caballero templario volvi√≥ a tocarle el timbre, pero esta vez llev√≥ cervezas y Bananero lo hizo pasar."
@warenaoficial,¬°El Cicl√≥n Bananero vuelve a brillar! Felicitamos al @UnionMagdalena por conquistar el campeonato y llenar de orgullo a toda su hinchada. ¬°Que esta victoria sea el inicio de m√°s √©xitos! #WArena #Entrada #UnionMagdalena
@elcancillercom,"[AHORA] ""Noche de la gran puta"": ""El Bananero"", junto a ""Dillom"" y ""Bizarrap""."
@diariocorreoec,"El Guabo. ‚Äì Amarrado a una planta de banano, con el brazo y dedos cercenados, fue hallado el cuerpo sin vida de Luis Enrique Garc√≠a S√°nchez, de 39 a√±os, en una hacienda bananera ubicada en el sector La Maravilla, en la parroquia Barbones.https://tinyurl.com/2cdwg7df"
@elcancillercom,"[AHORA] ""Vamos a chuparla para arrancar la semana con la chota dura"": ""El Bananero"", invitado de lujo en ""El Loco y El Cuerdo""."
@NicoletaBarroca,"Que a un chico le guste el bananero o marito baracus es red flag. Humor de mogolico (en cualquier edad), fin"
@MajulLuisOK,"""El Bananero"": Porque un chico pag√≥ un saludo para todo su grupo de amigos y as√≠ fue el mismo"
@CapitanBitcoin,"Recuerda la clase de pa√≠s bananero en el que han convertido Espa√±a: el hermano de Pedro S√°nchez tiene 2M‚Ç¨ en patrimonio cuando ha sido un m√∫sico medio muerto de hambre en Rusia toda su vida, pa√≠s donde el salario medio son 725‚Ç¨. Cuando el socialismo s√≠ funciona."
@RuedalaPelota10,EL GRAN RECIBIMIENTO DEL HINCHA BANANERO Uni√≥n Magdalena S.A #RuedalaPelota #SantaMarta #SierraNevada
@RulomboTV,"Cuando ten√≠a 10 a√±os un amigo me dice ""¬øconoces al bananero?"" y no lo habia entendido bien y busqu√© EL PANADERO"
@_marginales_,"El chango bananero, est√° m√°s que vendido y por 3 pesos! ahora dice que ‚Äúya cambi√≥‚Äù"
@FiscGralLibert,"El tipo de hombre q le gusta el bananero es lo mejor q te podes encontrar en la vida. A los q nos gusta el bananero, somos de un humor sencillo, somos de los que nos criamos con celus infrarrojos pas√°ndonos videos en las plazas con amigos, hasta el d√≠a de hoy entre nosotros nos"
@OutBananero,Casi la para de pecho el colorado.
@TheMerowo,Heeeeeeeeeeeeeeeeeeeeeeeey el bananero de mi debut debe ganar el mejor debut/redebut unur
@Ganixplay,COMO EL BANANERO ES TAN GENIAL! #elbananero
@SucesosValledu1,"¬°Llaneros y Uni√≥n Magdalena son equipos de primera ! Los de Villavicencio ganaron la Gran Final Vuelta 1-0, dejando el global 1-1. En penales, gan√≥ el ‚ÄòCicl√≥n Bananero‚Äô 4-2 y es el gran campe√≥n. #Valledupar"
@atranumripley13,"Un pa√≠s bananero se identifica, entre otras cosas, por su comida chatarra y la cantidad de aderezos que usan para tratar de enmascarar lo fea que es su carne. Es todo tragedia: comidas horribles, pa√≠ses desastrosos, personas desagradables, m√∫sica p√©sima. Y ustedes ac√° imitando."
@MileiVencedor,El Bananero es una piedra fundacional del internet en habla hispana igual que Dross. Son entidades aparte. Aunque no te guste fue la ESI de toda una generaci√≥n.
@VBarCaracol,¬°UNI√ìN MAGDALENA ES CAMPE√ìN! El conjunto bananero le gan√≥ a Llaneros 5-1 en el marcador global de la final del segundo semestre del Torneo de Ascenso Se jugar√° la gran final con el mismo equipo para definir quien es el primer equipo que sube a la A #ElVbarCaracol
@FlavioAzzaro,Los or√≠genes de El Bananero en YouTube #ElLocoYElCuerdo
@MaxiRod24505826,Creo que los uruguayos no tomamos conciencia de que el bananero sea nuestro compatriota
@xChriskeyGamerX,El Bananero ¬°¬°¬°SAPEEEE!!!
@JuanOrlandoH,"¬°Se reactiva el sector Bananero! Somos el pa√≠s que m√°s r√°pido se est√° levantando despu√©s de dos tormentas y estar viviendo una pandemia, el sector Bananero es ejemplo de ello, que gracias al #ùë©ùíêùíèùíêùë©ùíÇùíèùíÇùíèùíÜùíìùíê se est√° reactivando, generando 4000 empleos directos."
@valegabrovich21,Omg un famoso le puso me gusta a mi historia (El bananero)
@diariocorreoec,"Con un video compilatorio de sus goles y mejores jugadas en Orense SC, el mediocampista ecuatoriano Richard Calder√≥n, se despidi√≥ del club bananero. https://tinyurl.com/2y7x4pqd"
@LordDram44,Aquel al que no le guste el bananero est√° destinado a ser un fracasado y un cornudo
@estesiespueblo,"Tiembla el bananero. No suelta, no duerme."
@FERMOR_23,Imag√≠nense destruir todo un pa√≠s porque te molest√≥ que una se√±ora no se levantara a alabarte cuando entraste al lugar. As√≠ de peque√±o y mezquino el mes√≠as bananero de Palacio Nacional
@mach1_20,¬øDe donde es el bananero? ¬øQuienes crearon Poringa!?
@SuenoSenor,se viene puro meme de bananero
@infovlogger36,"S√°nchez anuncia por primera vez la amnist√≠a en Catalu√±a, es decir, anuncia que vuela por los aires la separaci√≥n de poderes y convierte Espa√±a en un Estado bananero donde √âL es la ley. Tiene que acabar en prisi√≥n."
@LucasLopD10S,anoche en radio garka el bananero le mando saludos a mi hermana sapee como me cague de risa loco te quiero gordo
@HighOnCaffeine3,YA me aprendo 20 chistes de los que cuenta el bananero!!!!
@ElInformador_SM,"#Deportes | El Uni√≥n Magdalena se enfrenta ma√±ana contra Llaneros FC en el Sierra Nevada de Santa Marta. El conjunto bananero, pese a la expectativa que ha generado el desarrollo de la reuni√≥n extraordinaria de Dimayor, sigue concentrado en ganar el primer juego previsto para el"
@humobananero,"Las buenas noticias no paran, ya somos un millar en esta cuenta enamorados de estos colores y que siga soplando el cicl√≥n"
@WManteco,Cerr√° el orto bananero
@portezarate,Que hace el bananero con #cavanni
@pazzztabase,"no hay nada que me entusiasme menos que estas huevadas Dios santo estamos en el culo del mundo, no rompemos nada, no nos metiamos con nadie ni deberian meterse con nosotros, ¬øqu√© movida turbia estar√°n pensando?"
@nati___________,Giuliano tiene pinta de ser de los tipos que tienen masculinidad fr√°gil y se hace el bananero con las pibas para que nadie sospeche #granhermano
@whoisben20,"mis referentes en el humor, matias bottero, el bananero, peter capusotto y maritobaracus"
@Enzooperez99,Les recomiendo ver terapia picante del bananero jajaja es un hijo de puta
@matuvattu,"Claramente JWulen es un poco hagovero, creci√≥ con el bananero y su ciencia es encontrar algo ah√≠ en el cine y videojuegos, PEEEROO"
@Danilodice1,Suena el Bananero jajajaja
@maurolo1987,"Vamos, medio mill√≥n m√°s y alcanzan al cap√≠tulo de El M√©todo Rebord con El Bananero"
@humobananero,Se viene un recibimiento hist√≥rico. Cuando todos tiramos para el mismo lado se hacen cosas importantes as√≠ que vamosss
@StillHazoDDD,Man imaginate haber nacido en un pa√≠s de primer mundo y no haber crecido viendo el bananero. Qu√© existencia horrible.
@Barras_LATAM,JAJAJAJAJAJAJA es lo m√°s grande que hay El Bananero
@GUEVARACIEZADA1,Cerra el orto bananero
@xxx_meza_xxx,pero el bananero si lo conocio de verdad
@EduBass18,Y lady gaga diria el bananero
@HablaDeportes,"¬°Llaneros y Uni√≥n Magdalena son equipos de primera ! Los de Villavicencio ganaron la Gran Final Vuelta 1-0, dejando el global 1-1. En penales, gan√≥ el ‚ÄòCicl√≥n Bananero‚Äô 4-2 y es el gran campe√≥n. Uno sube a la #LigaBetPlayDimayor por ser el campe√≥n de la Gran Final y"
@DiarioOleEc,"¬°ORENSE CUMPLE 15 A√ëOS DE HISTORIA! El Fort√≠n Bananero est√° de festejo y en 2025 se ir√° de copas... De Machala para el mundo, as√≠ lo festeja el club y especialmente @Bananerito2009 @Orense_SC"
@PabloAmerico1,me jijeo preventivamente con el Capit√°n Am√©rica negro. El Bananero va a hacer maravillas
@TR4N5F0RM3R,"Si te causa gracia el bananero, sos un potencial violaword"
@Juanpe1907,"Lo cont√≥ una vez el Bananero, ella se la pidi√≥ a √©l"
@joacoalboo,te tiene rabiando el bananero un viernes a las 1 de la ma√±ana
@MarCampo9,Falta el bananero diciendo Saapeeeeeee
@gondan06,"Ser latino no es bananero. Bananero es celebrar gender reveal, que la mujer tome el apellido de su marido o use el De [apellido marido], las fiestas de 15, ser incel y Bad Bunny"
@ZoiloHe56960302,Con el de He Man yo solo lo recuerdo por los videos y memes del bananero xD
@IsaRodriguez91,"¬°Todo suya, maestro JORGE LUIS PINTO AFANADOR, todo suya! Regres√≥ a la actividad y, en su primer semestre sale campe√≥n. Primer t√≠tulo con el ‚ÄòCicl√≥n Bananero‚Äô. Juegos dirigidos: 24 Ganados: 14 Perdidos: 4 Empatados: 6 Goles a favor: 37 Goles en contra: 17 ¬°CAMPE√ìN!"
@XnxAramis,Puede ser que en el palco de Cavani estaba el bananero?
@garro_jeremy,si yo fuera el bananero vivir√≠a como √©l
@gonromiau,Que onda Cavani con el Bananero en el palco?
@sopitadepancito,Grande el bananero
@DaniBAA05,Por el bien de los jajas espero q fuera del bananero XDD
@humobananero,Lo √∫nico que s√© es que te toca cubrir otro a√±o m√°s en la B de real Cartagena o depronto estes pensando en el partido del 28 de diciembre
@LaTitularcom,"¬°UNI√ìN MAGDALENA, CAMPE√ìN DE LA GRAN FINAL DEL TORNEO BETPLAY! El Cicl√≥n Bananero venci√≥ a Llaneros en los penales y ascienden ambos. Real Cartagena jugar√° un a√±o m√°s en segunda divisi√≥n."
@ih8mylifeffs,El bananero se parece al malo de iron man 2
@urukanguro,"Creo que estar√≠as much√≠simo mejor mentalmente por los pr√≥ximos 5 a√±os viviendo en la Argentina o El Salvador , despu√©s podes volver ,pero ,idiota no sos ,Uruguay no es un pa√≠s bananero , Uruguay te queda grande"
@eluniversocom,"Liga Pro: Bananerito, mascota que vuela en helic√≥ptero y anda a caballo, lo mejor de un mal Orense ‚ñ∫https://ow.ly/jGg650S8Cjn"
@V_TrujilloM,"Si Les Luthiers hubieran compuesto una parodia del himno al aeropuerto favorito de alg√∫n r√©gimen bananero y militar, sin duda ser√≠a as√≠. Himno sin Escalas Opus 4T, escrito sin verg√ºenza y de volada por el maestro Johann Sebastian Mastropiero."
@eldani_s,Eso me dec√≠a Walter el de la diet√©tica hace un rato
@elrealfranco,mi gusto paki de youtube es el bananero por favor como lo amo
@humobananero,Donde se van a ver el partido? Manden fotos con la puesta. Vamos a liberar el estr√©s
@Libermarpla,Imaginate ser hijo de wanda y saber que el bananero le haya hecho una cancion. Y que le quiera hacer un buen BBRRR en esos cachetes
@Leonesfutbolc,"La #familiaItag√º√≠LeonesFC felicita al Cicl√≥n Bananero, el club @UnionMagdalena , Campe√≥n de la gran Final Torneo @BetPlayCO 2024 y por su ascenso a la @LigaBetPlayD 2025. @AlcaldiaItagui @InstitutoItagui ."
@28_horyel,El bananero viendo que tambi√©n eres LAMBON de peloconcha
@Ferarguell0,si yo fuese el bananero vivir√≠a como el
@chowing64,"¬°Volvimos, Cicl√≥n! Hoy celebramos con el coraz√≥n lleno de orgullo y emoci√≥n el regreso de nuestro querido Cicl√≥n Bananero a la primera divisi√≥n. Despu√©s de a√±os de lucha, sacrificio y momentos dif√≠ciles, demostramos una vez m√°s que este equipo est√° hecho para superar cualquier"
@richarderemenko,Espa√±a ya es el tercer mundo bananero gracias a los socialistas
@humobananero,"Sin duda alguna, este es el Uni√≥n Magdalena de su gente"
@ferbelaunzaran,"Cual gorila bananero, @lopezobrador_ advierte que no soltar√°n el poder, pase lo que pase. Pero eso lo decidiremos los ciudadanos con nuestro voto. Y no permitiremos que nos lo robe. Pueden citarme"
@ACOM_es,"El Presidente del Gobierno de Espa√±a @sanchezcastejon fue a Israel con el √∫nico objetivo de un minuto de postureo en el que, leyendo de un papelito, se permit√≠a aleccionar a Israel frente a las c√°maras de sus medios obedientes. Luego, investido de l√≠der bananero, se volvi√≥ a una"
@osolano07,Cuando tu amigo bailar√≠n queda a cargo de la bananera.
@mura_axel,Me puse a ver el hombre ara√±a 3 y no me puedo concentrar porque me acuerdo del ytph o del bananero lpm
@humobananero,El que no fue ayer al estadio se perdi√≥ un gran recuerdo en el @EstadioSamario
@termenzo,Como se ver√≠a la vida si el Chiqui Tapia se deskukizara y deje de hacer tan bananero nuestro f√∫tbol
@pesotolp,Cada vez que me cruzo con este tuit solo puedo pensar en el pa√≠s bananero en que quieren convertirnos.
@leandromorgen,"Milei decidi√≥ formalmente salir de los BRICS, la peor decisi√≥n en materia geopol√≠tica. Argentina iba a ingresar junto a otros cinco pa√≠ses el lunes 1 de enero, luego de gran esfuerzo de Lula. El alineamiento con EEUU es total. Muy triste y peligroso el actual destino bananero."
@parabellumuy,"Que envidia, quien pudiera, muchos de ac√° siempre deseamos tener el placer de conocer al Bananero."
@mindefensa,". @COL_EJERCITO y @FiscaliaCol capturaron a alias 'Banano', qui√©n ser√≠a integrante del Grupo Armado Organizado, 'Los Caparros' http://bit.ly/2M8PYyu"
@navaq17,El bananero es uruguayo?????? God
@ElInformador_SM,#SoplaCicl√≥n | La hinchada del Cicl√≥n Bananero reacciona ante su ascenso a la primera divisi√≥n del futbol colombiano. https://elinformador.com.co/index.php/deportes/58-deportes-local/326219-union-magdalena-campeon-y-se-gana-el-ascenso‚Ä¶
@petrogustavo,"1. El Poblado no es Medell√≠n ni Antioquia, como el Chic√≥ no es Bogot√° ni Colombia y, 2. Las confesiones, la comisi√≥n de la verdad y los fallos judiciales muestran que un sector del empresariado bananero con ayuda estatal apoy√≥ en el pasado el paramilitarismo y la masacre del"
@Mariano1776,"El bananero es consumo exclusivo de hombres. El tipo que no se r√≠e con el bananero, tipo que probablemente le molestan las formas de Milei. https://x.com/lulutomaeltaxi/lulutomaeltaxii/status/1700353442626044009‚Ä¶"
user-not-found,empty-article
@katawa_zonda,"Vos sab√≠as que El Cuarteto de Nos, La Cumbia Cheta, El Bananero y NTVG son argentinos, asi como el Dulce de Leche, Gardel y el Primer Mundial?"
@samn_077,"Me acabo de enterar que el invitado sorpresa de @Paellalaand , va a ser Agus, estoy que no soy cr√©dito, como dir√≠a @Bananero_05 no me lo creo."
@lucascolannn,"que paja ser el hijo de esta trola de mierda peronegra, te cargan con que todo el pais sabe que tu vieja es una petera, te ponen la cancion del bananero y ahora te pueden decir que se coge a negr0 de mierda. QEPD."
@gorocentral,Me r√≠o cada vez que lo nombran a Barticcioto. C√≥mo no nos va a gustar El Bananero
@Soplaciclon1968,As√≠ qued√≥ la tabla de la RECLASIFICACI√ìN @TorneoDeAscenso 2024. 1. Uni√≥n Magdalena - 89 puntos. 2. Llaneros FC - 88 puntos. 3. Real Cartagena - 83 puntos. El ‚Äòcicl√≥n bananero‚Äô con un empate o victoria frente a Llaneros FC en la vuelta estar√° en la m√°xima categor√≠a del FPC.
@antoniomc082,Literal le pegaste a todos con el calendario XD
@humobananero,"Vamos hacer un hilo con las mejores im√°genes/videos de la fiesta que se vivi√≥ ayer en el Sierra Nevada, as√≠ que empiezo yo y terminan ustedes"
